{
  "tn": {
    "d": {
      "de": {
        "co2_limit_2023": 20,
        "co2_limit_2028": 15,
        "tn_name": "PKE Vorsorgestiftung Energie",
        "pg_name": "Pensionskasse",
        "ampel_0": 0,
        "ampel_1": 0,
        "ampel_2": 0,
        "ampel_3": 83,
        "ls_cnt": 83,
        "ls_cnt_nutz_1": 70,
        "ls_cnt_nutz_2": 12,
        "ls_cnt_nutz_3": 0,
        "ls_cnt_nutz_4": 1,
        "ls_cnt_nutz_5": 0,
        "ls_cnt_ener20_1": 8,
        "ls_cnt_ener20_2": 48,
        "ls_cnt_ener20_3": 27,
        "em_abs_2020_sum": 4102019.9976,
        "em_abs_2020_nutz_1": 3675688.7413,
        "em_abs_2020_nutz_2": 426331.2563,
        "em_abs_2020_nutz_3": 0,
        "em_abs_2020_nutz_4": 0,
        "em_abs_2020_nutz_5": 0,
        "em_rel_2020_q50": 12.6398,
        "em_rel_2020_q50_nutz_1": 12.9896,
        "em_rel_2020_q50_nutz_2": 12.019,
        "em_rel_2020_q50_nutz_3": null,
        "em_rel_2020_q50_nutz_4": 0,
        "em_rel_2020_q50_nutz_5": null,
        "em_rel_2020_q50_ener20_1": 26.7045,
        "em_rel_2020_q50_ener20_2": 14.1628,
        "em_rel_2020_q50_ener20_3": null,
        "em_rel_2020_q50_baup_1": 14.0275,
        "em_rel_2020_q50_baup_2": 14.1047,
        "em_rel_2020_q50_baup_3": 0,
        "pg_em_rel_2020_q50": 12.3239,
        "pg_em_rel_2020_q50_ener20_1": 25.3353,
        "pg_em_rel_2020_q50_ener20_2": 14.5883,
        "pg_em_rel_2020_q50_ener20_3": null,
        "pg_em_rel_2020_q50_baup_1": 18.1389,
        "pg_em_rel_2020_q50_baup_2": 14.5681,
        "pg_em_rel_2020_q50_baup_3": 0,
        "em_rel_2030_q50": 4.9016,
        "em_rel_2030_q50_nutz_1": 8.4284,
        "em_rel_2030_q50_nutz_2": 4.9016,
        "em_rel_2030_q50_nutz_3": null,
        "em_rel_2030_q50_nutz_4": 0,
        "em_rel_2030_q50_nutz_5": null,
        "em_rel_2030_q50_ener30_1": 13.707,
        "em_rel_2030_q50_ener30_2": 12.3498,
        "em_rel_2030_q50_ener30_3": null,
        "em_rel_2030_q50_baup_1": 0,
        "em_rel_2030_q50_baup_2": 11.7962,
        "em_rel_2030_q50_baup_3": 0,
        "top": [
          {
            "extid": "77090",
            "top_address": "Boulevard de Pérolles 32, 34, 1700 Fribourg",
            "top_rank": 1,
            "ener20_agg_code": 1,
            "ener20_agg_de": "Öl",
            "ener20_agg_fr": "Pétrole",
            "ener30_agg_code": 3,
            "ener30_agg_de": "Andere",
            "ener30_agg_fr": "Autres",
            "em_rel_2020": 29.5702,
            "em_rel_2030": 0,
            "em_rel_2020_vs": 8.6934,
            "em_rel_2030_vs": 0,
            "em_abs_2020": 313257.9372,
            "em_abs_2030": 0,
            "em_abs_2020_vs": 92095.5085,
            "em_abs_2030_vs": 0
          },
          {
            "extid": "74610",
            "top_address": "Endlikerstr. 61-71, 8400 Winterthur",
            "top_rank": 2,
            "ener20_agg_code": 1,
            "ener20_agg_de": "Öl",
            "ener20_agg_fr": "Pétrole",
            "ener30_agg_code": 3,
            "ener30_agg_de": "Andere",
            "ener30_agg_fr": "Autres",
            "em_rel_2020": 26.7045,
            "em_rel_2030": 0,
            "em_rel_2020_vs": 9.6186,
            "em_rel_2030_vs": 0,
            "em_abs_2020": 237230.8103,
            "em_abs_2030": 0,
            "em_abs_2020_vs": 85447.2873,
            "em_abs_2030_vs": 0
          },
          {
            "extid": "72530",
            "top_address": "Sommerhaldenstr. 47-63, 5200 Brugg",
            "top_rank": 3,
            "ener20_agg_code": 2,
            "ener20_agg_de": "Gas",
            "ener20_agg_fr": "Gaz",
            "ener30_agg_code": 3,
            "ener30_agg_de": "Andere",
            "ener30_agg_fr": "Autres",
            "em_rel_2020": 20.4112,
            "em_rel_2030": 0,
            "em_rel_2020_vs": 7.5321,
            "em_rel_2030_vs": 0,
            "em_abs_2020": 181708.2807,
            "em_abs_2030": 0,
            "em_abs_2020_vs": 67053.8864,
            "em_abs_2030_vs": 0
          },
          {
            "extid": "71620",
            "top_address": "Eichstr. 5-15/Ringstr. 54, 56, 8107 Buchs ZH",
            "top_rank": 4,
            "ener20_agg_code": 1,
            "ener20_agg_de": "Öl",
            "ener20_agg_fr": "Pétrole",
            "ener30_agg_code": 3,
            "ener30_agg_de": "Andere",
            "ener30_agg_fr": "Autres",
            "em_rel_2020": 30.3248,
            "em_rel_2030": 0,
            "em_rel_2020_vs": 10.1518,
            "em_rel_2030_vs": 0,
            "em_abs_2020": 179410.7955,
            "em_abs_2030": 0,
            "em_abs_2020_vs": 60061.136,
            "em_abs_2030_vs": 0
          },
          {
            "extid": "77200",
            "top_address": "Wampflenstr. 40-93, 8706 Meilen",
            "top_rank": 5,
            "ener20_agg_code": 1,
            "ener20_agg_de": "Öl",
            "ener20_agg_fr": "Pétrole",
            "ener30_agg_code": 1,
            "ener30_agg_de": "Öl",
            "ener30_agg_fr": "Pétrole",
            "em_rel_2020": 13.707,
            "em_rel_2030": 13.707,
            "em_rel_2020_vs": 8.8247,
            "em_rel_2030_vs": 8.8247,
            "em_abs_2020": 177146.4582,
            "em_abs_2030": 177146.4582,
            "em_abs_2020_vs": 114048.3814,
            "em_abs_2030_vs": 114048.3814
          }
        ],
        "ls_karte": "img/tn_d_karte_de.png",
        "co2_plot": "img/tn_d_co2_de.svg",
        "co2_ener_plot": "img/tn_d_co2_ener_de.svg",
        "co2_nutz_plot": "img/tn_d_co2_nutz_de.svg",
        "co2_baup_plot": "img/tn_d_co2_baup_de.svg"
      },
      "fr": {
        "co2_limit_2023": 20,
        "co2_limit_2028": 15,
        "tn_name": "PKE Vorsorgestiftung Energie",
        "pg_name": "Caisse de pension",
        "ampel_0": 0,
        "ampel_1": 0,
        "ampel_2": 0,
        "ampel_3": 83,
        "ls_cnt": 83,
        "ls_cnt_nutz_1": 70,
        "ls_cnt_nutz_2": 12,
        "ls_cnt_nutz_3": 0,
        "ls_cnt_nutz_4": 1,
        "ls_cnt_nutz_5": 0,
        "ls_cnt_ener20_1": 8,
        "ls_cnt_ener20_2": 48,
        "ls_cnt_ener20_3": 27,
        "em_abs_2020_sum": 4102019.9976,
        "em_abs_2020_nutz_1": 3675688.7413,
        "em_abs_2020_nutz_2": 426331.2563,
        "em_abs_2020_nutz_3": 0,
        "em_abs_2020_nutz_4": 0,
        "em_abs_2020_nutz_5": 0,
        "em_rel_2020_q50": 12.6398,
        "em_rel_2020_q50_nutz_1": 12.9896,
        "em_rel_2020_q50_nutz_2": 12.019,
        "em_rel_2020_q50_nutz_3": null,
        "em_rel_2020_q50_nutz_4": 0,
        "em_rel_2020_q50_nutz_5": null,
        "em_rel_2020_q50_ener20_1": 26.7045,
        "em_rel_2020_q50_ener20_2": 14.1628,
        "em_rel_2020_q50_ener20_3": null,
        "em_rel_2020_q50_baup_1": 14.0275,
        "em_rel_2020_q50_baup_2": 14.1047,
        "em_rel_2020_q50_baup_3": 0,
        "pg_em_rel_2020_q50": 12.3239,
        "pg_em_rel_2020_q50_ener20_1": 25.3353,
        "pg_em_rel_2020_q50_ener20_2": 14.5883,
        "pg_em_rel_2020_q50_ener20_3": null,
        "pg_em_rel_2020_q50_baup_1": 18.1389,
        "pg_em_rel_2020_q50_baup_2": 14.5681,
        "pg_em_rel_2020_q50_baup_3": 0,
        "em_rel_2030_q50": 4.9016,
        "em_rel_2030_q50_nutz_1": 8.4284,
        "em_rel_2030_q50_nutz_2": 4.9016,
        "em_rel_2030_q50_nutz_3": null,
        "em_rel_2030_q50_nutz_4": 0,
        "em_rel_2030_q50_nutz_5": null,
        "em_rel_2030_q50_ener30_1": 13.707,
        "em_rel_2030_q50_ener30_2": 12.3498,
        "em_rel_2030_q50_ener30_3": null,
        "em_rel_2030_q50_baup_1": 0,
        "em_rel_2030_q50_baup_2": 11.7962,
        "em_rel_2030_q50_baup_3": 0,
        "top": [
          {
            "extid": "77090",
            "top_address": "Boulevard de Pérolles 32, 34, 1700 Fribourg",
            "top_rank": 1,
            "ener20_agg_code": 1,
            "ener20_agg_de": "Öl",
            "ener20_agg_fr": "Pétrole",
            "ener30_agg_code": 3,
            "ener30_agg_de": "Andere",
            "ener30_agg_fr": "Autres",
            "em_rel_2020": 29.5702,
            "em_rel_2030": 0,
            "em_rel_2020_vs": 8.6934,
            "em_rel_2030_vs": 0,
            "em_abs_2020": 313257.9372,
            "em_abs_2030": 0,
            "em_abs_2020_vs": 92095.5085,
            "em_abs_2030_vs": 0
          },
          {
            "extid": "74610",
            "top_address": "Endlikerstr. 61-71, 8400 Winterthur",
            "top_rank": 2,
            "ener20_agg_code": 1,
            "ener20_agg_de": "Öl",
            "ener20_agg_fr": "Pétrole",
            "ener30_agg_code": 3,
            "ener30_agg_de": "Andere",
            "ener30_agg_fr": "Autres",
            "em_rel_2020": 26.7045,
            "em_rel_2030": 0,
            "em_rel_2020_vs": 9.6186,
            "em_rel_2030_vs": 0,
            "em_abs_2020": 237230.8103,
            "em_abs_2030": 0,
            "em_abs_2020_vs": 85447.2873,
            "em_abs_2030_vs": 0
          },
          {
            "extid": "72530",
            "top_address": "Sommerhaldenstr. 47-63, 5200 Brugg",
            "top_rank": 3,
            "ener20_agg_code": 2,
            "ener20_agg_de": "Gas",
            "ener20_agg_fr": "Gaz",
            "ener30_agg_code": 3,
            "ener30_agg_de": "Andere",
            "ener30_agg_fr": "Autres",
            "em_rel_2020": 20.4112,
            "em_rel_2030": 0,
            "em_rel_2020_vs": 7.5321,
            "em_rel_2030_vs": 0,
            "em_abs_2020": 181708.2807,
            "em_abs_2030": 0,
            "em_abs_2020_vs": 67053.8864,
            "em_abs_2030_vs": 0
          },
          {
            "extid": "71620",
            "top_address": "Eichstr. 5-15/Ringstr. 54, 56, 8107 Buchs ZH",
            "top_rank": 4,
            "ener20_agg_code": 1,
            "ener20_agg_de": "Öl",
            "ener20_agg_fr": "Pétrole",
            "ener30_agg_code": 3,
            "ener30_agg_de": "Andere",
            "ener30_agg_fr": "Autres",
            "em_rel_2020": 30.3248,
            "em_rel_2030": 0,
            "em_rel_2020_vs": 10.1518,
            "em_rel_2030_vs": 0,
            "em_abs_2020": 179410.7955,
            "em_abs_2030": 0,
            "em_abs_2020_vs": 60061.136,
            "em_abs_2030_vs": 0
          },
          {
            "extid": "77200",
            "top_address": "Wampflenstr. 40-93, 8706 Meilen",
            "top_rank": 5,
            "ener20_agg_code": 1,
            "ener20_agg_de": "Öl",
            "ener20_agg_fr": "Pétrole",
            "ener30_agg_code": 1,
            "ener30_agg_de": "Öl",
            "ener30_agg_fr": "Pétrole",
            "em_rel_2020": 13.707,
            "em_rel_2030": 13.707,
            "em_rel_2020_vs": 8.8247,
            "em_rel_2030_vs": 8.8247,
            "em_abs_2020": 177146.4582,
            "em_abs_2030": 177146.4582,
            "em_abs_2020_vs": 114048.3814,
            "em_abs_2030_vs": 114048.3814
          }
        ],
        "ls_karte": "img/tn_d_karte_fr.png",
        "co2_plot": "img/tn_d_co2_fr.svg",
        "co2_ener_plot": "img/tn_d_co2_ener_fr.svg",
        "co2_nutz_plot": "img/tn_d_co2_nutz_fr.svg",
        "co2_baup_plot": "img/tn_d_co2_baup_fr.svg"
      }
    },
    "h": {
      "de": {
        "co2_limit_2023": 20,
        "co2_limit_2028": 15,
        "tn_name": "PKE Vorsorgestiftung Energie",
        "pg_name": "Hypotheken",
        "ampel_0": 0,
        "ampel_1": 0,
        "ampel_2": 0,
        "ampel_3": 0,
        "ls_cnt": [],
        "ls_cnt_nutz_1": 0,
        "ls_cnt_nutz_2": 0,
        "ls_cnt_nutz_3": 0,
        "ls_cnt_nutz_4": 0,
        "ls_cnt_nutz_5": 0,
        "ls_cnt_ener20_1": 0,
        "ls_cnt_ener20_2": 0,
        "ls_cnt_ener20_3": 0,
        "em_abs_2020_sum": 0,
        "em_abs_2020_nutz_1": 0,
        "em_abs_2020_nutz_2": 0,
        "em_abs_2020_nutz_3": 0,
        "em_abs_2020_nutz_4": 0,
        "em_abs_2020_nutz_5": 0,
        "em_rel_2020_q50": null,
        "em_rel_2020_q50_nutz_1": null,
        "em_rel_2020_q50_nutz_2": null,
        "em_rel_2020_q50_nutz_3": null,
        "em_rel_2020_q50_nutz_4": null,
        "em_rel_2020_q50_nutz_5": null,
        "em_rel_2020_q50_ener20_1": null,
        "em_rel_2020_q50_ener20_2": null,
        "em_rel_2020_q50_ener20_3": null,
        "em_rel_2020_q50_baup_1": null,
        "em_rel_2020_q50_baup_2": null,
        "em_rel_2020_q50_baup_3": null,
        "pg_em_rel_2020_q50": 21.1217,
        "pg_em_rel_2020_q50_ener20_1": 36.2826,
        "pg_em_rel_2020_q50_ener20_2": 19.4378,
        "pg_em_rel_2020_q50_ener20_3": null,
        "pg_em_rel_2020_q50_baup_1": 36.3527,
        "pg_em_rel_2020_q50_baup_2": 23.4516,
        "pg_em_rel_2020_q50_baup_3": 11.2749,
        "em_rel_2030_q50": null,
        "em_rel_2030_q50_nutz_1": null,
        "em_rel_2030_q50_nutz_2": null,
        "em_rel_2030_q50_nutz_3": null,
        "em_rel_2030_q50_nutz_4": null,
        "em_rel_2030_q50_nutz_5": null,
        "em_rel_2030_q50_ener30_1": null,
        "em_rel_2030_q50_ener30_2": null,
        "em_rel_2030_q50_ener30_3": null,
        "em_rel_2030_q50_baup_1": null,
        "em_rel_2030_q50_baup_2": null,
        "em_rel_2030_q50_baup_3": null,
        "co2_plot": "img/diagramm_fehler_de.png",
        "co2_ener_plot": "img/diagramm_fehler_de.png",
        "co2_nutz_plot": "img/diagramm_fehler_de.png",
        "co2_baup_plot": "img/diagramm_fehler_de.png"
      },
      "fr": {
        "co2_limit_2023": 20,
        "co2_limit_2028": 15,
        "tn_name": "PKE Vorsorgestiftung Energie",
        "pg_name": "Hypothèques",
        "ampel_0": 0,
        "ampel_1": 0,
        "ampel_2": 0,
        "ampel_3": 0,
        "ls_cnt": [],
        "ls_cnt_nutz_1": 0,
        "ls_cnt_nutz_2": 0,
        "ls_cnt_nutz_3": 0,
        "ls_cnt_nutz_4": 0,
        "ls_cnt_nutz_5": 0,
        "ls_cnt_ener20_1": 0,
        "ls_cnt_ener20_2": 0,
        "ls_cnt_ener20_3": 0,
        "em_abs_2020_sum": 0,
        "em_abs_2020_nutz_1": 0,
        "em_abs_2020_nutz_2": 0,
        "em_abs_2020_nutz_3": 0,
        "em_abs_2020_nutz_4": 0,
        "em_abs_2020_nutz_5": 0,
        "em_rel_2020_q50": null,
        "em_rel_2020_q50_nutz_1": null,
        "em_rel_2020_q50_nutz_2": null,
        "em_rel_2020_q50_nutz_3": null,
        "em_rel_2020_q50_nutz_4": null,
        "em_rel_2020_q50_nutz_5": null,
        "em_rel_2020_q50_ener20_1": null,
        "em_rel_2020_q50_ener20_2": null,
        "em_rel_2020_q50_ener20_3": null,
        "em_rel_2020_q50_baup_1": null,
        "em_rel_2020_q50_baup_2": null,
        "em_rel_2020_q50_baup_3": null,
        "pg_em_rel_2020_q50": 21.1217,
        "pg_em_rel_2020_q50_ener20_1": 36.2826,
        "pg_em_rel_2020_q50_ener20_2": 19.4378,
        "pg_em_rel_2020_q50_ener20_3": null,
        "pg_em_rel_2020_q50_baup_1": 36.3527,
        "pg_em_rel_2020_q50_baup_2": 23.4516,
        "pg_em_rel_2020_q50_baup_3": 11.2749,
        "em_rel_2030_q50": null,
        "em_rel_2030_q50_nutz_1": null,
        "em_rel_2030_q50_nutz_2": null,
        "em_rel_2030_q50_nutz_3": null,
        "em_rel_2030_q50_nutz_4": null,
        "em_rel_2030_q50_nutz_5": null,
        "em_rel_2030_q50_ener30_1": null,
        "em_rel_2030_q50_ener30_2": null,
        "em_rel_2030_q50_ener30_3": null,
        "em_rel_2030_q50_baup_1": null,
        "em_rel_2030_q50_baup_2": null,
        "em_rel_2030_q50_baup_3": null,
        "co2_plot": "img/diagramm_fehler_fr.png",
        "co2_ener_plot": "img/diagramm_fehler_fr.png",
        "co2_nutz_plot": "img/diagramm_fehler_fr.png",
        "co2_baup_plot": "img/diagramm_fehler_fr.png"
      }
    }
  },
  "pf": {
    "pf1": {
      "de": {
        "co2_limit_2023": 20,
        "co2_limit_2028": 15,
        "tn_name": "PKE Vorsorgestiftung Energie",
        "pf_name": "PKE_ImmoCHdirekt",
        "pg_name": "Pensionskasse",
        "ampel_0": 0,
        "ampel_1": 0,
        "ampel_2": 0,
        "ampel_3": 83,
        "ls_cnt": 83,
        "ls_cnt_nutz_1": 70,
        "ls_cnt_nutz_2": 12,
        "ls_cnt_nutz_3": 0,
        "ls_cnt_nutz_4": 1,
        "ls_cnt_nutz_5": 0,
        "ls_cnt_ener20_1": 8,
        "ls_cnt_ener20_2": 48,
        "ls_cnt_ener20_3": 27,
        "em_abs_2020_sum": 4102019.9976,
        "em_abs_2020_nutz_1": 3675688.7413,
        "em_abs_2020_nutz_2": 426331.2563,
        "em_abs_2020_nutz_3": 0,
        "em_abs_2020_nutz_4": 0,
        "em_abs_2020_nutz_5": 0,
        "em_rel_2020_q50": 12.6398,
        "em_rel_2020_q50_nutz_1": 12.9896,
        "em_rel_2020_q50_nutz_2": 12.019,
        "em_rel_2020_q50_nutz_3": null,
        "em_rel_2020_q50_nutz_4": 0,
        "em_rel_2020_q50_nutz_5": null,
        "em_rel_2020_q50_ener20_1": 26.7045,
        "em_rel_2020_q50_ener20_2": 14.1628,
        "em_rel_2020_q50_ener20_3": null,
        "em_rel_2020_q50_baup_1": 14.0275,
        "em_rel_2020_q50_baup_2": 14.1047,
        "em_rel_2020_q50_baup_3": 0,
        "pg_em_rel_2020_q50": 12.3239,
        "pg_em_rel_2020_q50_ener20_1": 25.3353,
        "pg_em_rel_2020_q50_ener20_2": 14.5883,
        "pg_em_rel_2020_q50_ener20_3": null,
        "pg_em_rel_2020_q50_baup_1": 18.1389,
        "pg_em_rel_2020_q50_baup_2": 14.5681,
        "pg_em_rel_2020_q50_baup_3": 0,
        "em_rel_2030_q50": 4.9016,
        "em_rel_2030_q50_nutz_1": 8.4284,
        "em_rel_2030_q50_nutz_2": 4.9016,
        "em_rel_2030_q50_nutz_3": null,
        "em_rel_2030_q50_nutz_4": 0,
        "em_rel_2030_q50_nutz_5": null,
        "em_rel_2030_q50_ener30_1": 13.707,
        "em_rel_2030_q50_ener30_2": 12.3498,
        "em_rel_2030_q50_ener30_3": null,
        "em_rel_2030_q50_baup_1": 0,
        "em_rel_2030_q50_baup_2": 11.7962,
        "em_rel_2030_q50_baup_3": 0,
        "top": [
          {
            "extid": "77090",
            "top_address": "Boulevard de Pérolles 32, 34, 1700 Fribourg",
            "top_rank": 1,
            "ener20_agg_code": 1,
            "ener20_agg_de": "Öl",
            "ener20_agg_fr": "Pétrole",
            "ener30_agg_code": 3,
            "ener30_agg_de": "Andere",
            "ener30_agg_fr": "Autres",
            "em_rel_2020": 29.5702,
            "em_rel_2030": 0,
            "em_rel_2020_vs": 8.6934,
            "em_rel_2030_vs": 0,
            "em_abs_2020": 313257.9372,
            "em_abs_2030": 0,
            "em_abs_2020_vs": 92095.5085,
            "em_abs_2030_vs": 0
          },
          {
            "extid": "74610",
            "top_address": "Endlikerstr. 61-71, 8400 Winterthur",
            "top_rank": 2,
            "ener20_agg_code": 1,
            "ener20_agg_de": "Öl",
            "ener20_agg_fr": "Pétrole",
            "ener30_agg_code": 3,
            "ener30_agg_de": "Andere",
            "ener30_agg_fr": "Autres",
            "em_rel_2020": 26.7045,
            "em_rel_2030": 0,
            "em_rel_2020_vs": 9.6186,
            "em_rel_2030_vs": 0,
            "em_abs_2020": 237230.8103,
            "em_abs_2030": 0,
            "em_abs_2020_vs": 85447.2873,
            "em_abs_2030_vs": 0
          },
          {
            "extid": "72530",
            "top_address": "Sommerhaldenstr. 47-63, 5200 Brugg",
            "top_rank": 3,
            "ener20_agg_code": 2,
            "ener20_agg_de": "Gas",
            "ener20_agg_fr": "Gaz",
            "ener30_agg_code": 3,
            "ener30_agg_de": "Andere",
            "ener30_agg_fr": "Autres",
            "em_rel_2020": 20.4112,
            "em_rel_2030": 0,
            "em_rel_2020_vs": 7.5321,
            "em_rel_2030_vs": 0,
            "em_abs_2020": 181708.2807,
            "em_abs_2030": 0,
            "em_abs_2020_vs": 67053.8864,
            "em_abs_2030_vs": 0
          },
          {
            "extid": "71620",
            "top_address": "Eichstr. 5-15/Ringstr. 54, 56, 8107 Buchs ZH",
            "top_rank": 4,
            "ener20_agg_code": 1,
            "ener20_agg_de": "Öl",
            "ener20_agg_fr": "Pétrole",
            "ener30_agg_code": 3,
            "ener30_agg_de": "Andere",
            "ener30_agg_fr": "Autres",
            "em_rel_2020": 30.3248,
            "em_rel_2030": 0,
            "em_rel_2020_vs": 10.1518,
            "em_rel_2030_vs": 0,
            "em_abs_2020": 179410.7955,
            "em_abs_2030": 0,
            "em_abs_2020_vs": 60061.136,
            "em_abs_2030_vs": 0
          },
          {
            "extid": "77200",
            "top_address": "Wampflenstr. 40-93, 8706 Meilen",
            "top_rank": 5,
            "ener20_agg_code": 1,
            "ener20_agg_de": "Öl",
            "ener20_agg_fr": "Pétrole",
            "ener30_agg_code": 1,
            "ener30_agg_de": "Öl",
            "ener30_agg_fr": "Pétrole",
            "em_rel_2020": 13.707,
            "em_rel_2030": 13.707,
            "em_rel_2020_vs": 8.8247,
            "em_rel_2030_vs": 8.8247,
            "em_abs_2020": 177146.4582,
            "em_abs_2030": 177146.4582,
            "em_abs_2020_vs": 114048.3814,
            "em_abs_2030_vs": 114048.3814
          }
        ],
        "ls_karte": "img/pf_d_karte_de_130.png",
        "co2_plot": "img/pf_d_co2_de_130.svg",
        "co2_ener_plot": "img/pf_d_co2_ener_de_130.svg",
        "co2_nutz_plot": "img/pf_d_co2_nutz_de_130.svg",
        "co2_baup_plot": "img/pf_d_co2_baup_de_130.svg"
      },
      "fr": {
        "co2_limit_2023": 20,
        "co2_limit_2028": 15,
        "tn_name": "PKE Vorsorgestiftung Energie",
        "pf_name": "PKE_ImmoCHdirekt",
        "pg_name": "Caisse de pension",
        "ampel_0": 0,
        "ampel_1": 0,
        "ampel_2": 0,
        "ampel_3": 83,
        "ls_cnt": 83,
        "ls_cnt_nutz_1": 70,
        "ls_cnt_nutz_2": 12,
        "ls_cnt_nutz_3": 0,
        "ls_cnt_nutz_4": 1,
        "ls_cnt_nutz_5": 0,
        "ls_cnt_ener20_1": 8,
        "ls_cnt_ener20_2": 48,
        "ls_cnt_ener20_3": 27,
        "em_abs_2020_sum": 4102019.9976,
        "em_abs_2020_nutz_1": 3675688.7413,
        "em_abs_2020_nutz_2": 426331.2563,
        "em_abs_2020_nutz_3": 0,
        "em_abs_2020_nutz_4": 0,
        "em_abs_2020_nutz_5": 0,
        "em_rel_2020_q50": 12.6398,
        "em_rel_2020_q50_nutz_1": 12.9896,
        "em_rel_2020_q50_nutz_2": 12.019,
        "em_rel_2020_q50_nutz_3": null,
        "em_rel_2020_q50_nutz_4": 0,
        "em_rel_2020_q50_nutz_5": null,
        "em_rel_2020_q50_ener20_1": 26.7045,
        "em_rel_2020_q50_ener20_2": 14.1628,
        "em_rel_2020_q50_ener20_3": null,
        "em_rel_2020_q50_baup_1": 14.0275,
        "em_rel_2020_q50_baup_2": 14.1047,
        "em_rel_2020_q50_baup_3": 0,
        "pg_em_rel_2020_q50": 12.3239,
        "pg_em_rel_2020_q50_ener20_1": 25.3353,
        "pg_em_rel_2020_q50_ener20_2": 14.5883,
        "pg_em_rel_2020_q50_ener20_3": null,
        "pg_em_rel_2020_q50_baup_1": 18.1389,
        "pg_em_rel_2020_q50_baup_2": 14.5681,
        "pg_em_rel_2020_q50_baup_3": 0,
        "em_rel_2030_q50": 4.9016,
        "em_rel_2030_q50_nutz_1": 8.4284,
        "em_rel_2030_q50_nutz_2": 4.9016,
        "em_rel_2030_q50_nutz_3": null,
        "em_rel_2030_q50_nutz_4": 0,
        "em_rel_2030_q50_nutz_5": null,
        "em_rel_2030_q50_ener30_1": 13.707,
        "em_rel_2030_q50_ener30_2": 12.3498,
        "em_rel_2030_q50_ener30_3": null,
        "em_rel_2030_q50_baup_1": 0,
        "em_rel_2030_q50_baup_2": 11.7962,
        "em_rel_2030_q50_baup_3": 0,
        "top": [
          {
            "extid": "77090",
            "top_address": "Boulevard de Pérolles 32, 34, 1700 Fribourg",
            "top_rank": 1,
            "ener20_agg_code": 1,
            "ener20_agg_de": "Öl",
            "ener20_agg_fr": "Pétrole",
            "ener30_agg_code": 3,
            "ener30_agg_de": "Andere",
            "ener30_agg_fr": "Autres",
            "em_rel_2020": 29.5702,
            "em_rel_2030": 0,
            "em_rel_2020_vs": 8.6934,
            "em_rel_2030_vs": 0,
            "em_abs_2020": 313257.9372,
            "em_abs_2030": 0,
            "em_abs_2020_vs": 92095.5085,
            "em_abs_2030_vs": 0
          },
          {
            "extid": "74610",
            "top_address": "Endlikerstr. 61-71, 8400 Winterthur",
            "top_rank": 2,
            "ener20_agg_code": 1,
            "ener20_agg_de": "Öl",
            "ener20_agg_fr": "Pétrole",
            "ener30_agg_code": 3,
            "ener30_agg_de": "Andere",
            "ener30_agg_fr": "Autres",
            "em_rel_2020": 26.7045,
            "em_rel_2030": 0,
            "em_rel_2020_vs": 9.6186,
            "em_rel_2030_vs": 0,
            "em_abs_2020": 237230.8103,
            "em_abs_2030": 0,
            "em_abs_2020_vs": 85447.2873,
            "em_abs_2030_vs": 0
          },
          {
            "extid": "72530",
            "top_address": "Sommerhaldenstr. 47-63, 5200 Brugg",
            "top_rank": 3,
            "ener20_agg_code": 2,
            "ener20_agg_de": "Gas",
            "ener20_agg_fr": "Gaz",
            "ener30_agg_code": 3,
            "ener30_agg_de": "Andere",
            "ener30_agg_fr": "Autres",
            "em_rel_2020": 20.4112,
            "em_rel_2030": 0,
            "em_rel_2020_vs": 7.5321,
            "em_rel_2030_vs": 0,
            "em_abs_2020": 181708.2807,
            "em_abs_2030": 0,
            "em_abs_2020_vs": 67053.8864,
            "em_abs_2030_vs": 0
          },
          {
            "extid": "71620",
            "top_address": "Eichstr. 5-15/Ringstr. 54, 56, 8107 Buchs ZH",
            "top_rank": 4,
            "ener20_agg_code": 1,
            "ener20_agg_de": "Öl",
            "ener20_agg_fr": "Pétrole",
            "ener30_agg_code": 3,
            "ener30_agg_de": "Andere",
            "ener30_agg_fr": "Autres",
            "em_rel_2020": 30.3248,
            "em_rel_2030": 0,
            "em_rel_2020_vs": 10.1518,
            "em_rel_2030_vs": 0,
            "em_abs_2020": 179410.7955,
            "em_abs_2030": 0,
            "em_abs_2020_vs": 60061.136,
            "em_abs_2030_vs": 0
          },
          {
            "extid": "77200",
            "top_address": "Wampflenstr. 40-93, 8706 Meilen",
            "top_rank": 5,
            "ener20_agg_code": 1,
            "ener20_agg_de": "Öl",
            "ener20_agg_fr": "Pétrole",
            "ener30_agg_code": 1,
            "ener30_agg_de": "Öl",
            "ener30_agg_fr": "Pétrole",
            "em_rel_2020": 13.707,
            "em_rel_2030": 13.707,
            "em_rel_2020_vs": 8.8247,
            "em_rel_2030_vs": 8.8247,
            "em_abs_2020": 177146.4582,
            "em_abs_2030": 177146.4582,
            "em_abs_2020_vs": 114048.3814,
            "em_abs_2030_vs": 114048.3814
          }
        ],
        "ls_karte": "img/pf_d_karte_fr_130.png",
        "co2_plot": "img/pf_d_co2_fr_130.svg",
        "co2_ener_plot": "img/pf_d_co2_ener_fr_130.svg",
        "co2_nutz_plot": "img/pf_d_co2_nutz_fr_130.svg",
        "co2_baup_plot": "img/pf_d_co2_baup_fr_130.svg"
      }
    },
    "pf2": null,
    "pf3": null,
    "pf4": null,
    "pf5": null,
    "pf6": null,
    "pf7": null,
    "pf8": null,
    "pf9": null,
    "pf10": null
  }
}
